"Code","Title","Description","Unit_Price_(Pounds)","Unit_Price_(Pence)","Quantity"
"ASM-FOOTBALL-001","Ball Lockers & Racks ","Football Ball Lockers & Racks ","10","2","5"
"ASM-FOOTBALL-002","Goalposts ","Football Goal Posts","5","3","4"
"ASM-FOOTBALL-003","Helmets ","Football Helmets","6","2","7"
"ASM-FOOTBALL-004","Receiving Gloves ","Football Receiving Gloves","1","2","1"
"ASM-BADMINTON-001","Badminton Complete sets","Clothing Complete Sets Equipment Bags ","7","2","8"
"ASM-BASEBALL-002","Baseball  Bat","Baseball  bat","1","3","1"
"ASM-BASEBALL-003","Baseball Batting Gloves","Baseball Batting Gloves","2","3","2"
"ASM-BASKETBALL-001","Basketball Air Pumps","Basketball Air Pumps","1","3","1"
"ASM-BASKETBALL-002","Storages","Basketball Storage ","2","2","2"
"ASM-BOXING-001","Boxing Gloves ","Boxing Gloves ","2","3","2"
"ASM-BOXING-002","Boxing Gym Equipment ","Boxing Gym Equipment ","2","3","1"
"ASM-BOXING-003","Boxing Pads ","Boxing Pads ","2","3","12"
"ASM-BOXING-004","Boxing Sets ","Boxing Sets ","1","1","1"
"ASM-BOXING-005","Protective Gear ","Boxing Protective Gear","1","3","1"
"ASM-CAMPAINGBAGS-004","Backpack Bags","Camping & Hiking Backpack bags","2","2","2"
"ASM-CRICKET-005","Cricket Bat","Cricket Bats","2","2","2"
"ASM-CRICKET-004","Cricket white ball","Premium leather Cricket white balls","1","2","1"
"ASM-HOCKEY-004","Hockey Ball","Premium Hockey balls","1","2","1"
"ASM-HOCKEY-003","Hockey Bat","Field Hockey bat","1","2","1"
"ASM-HOCKEY-333","Hockey Bat1123","Field Hockey bat334","20","0","50"
"ASM-HOCKEY-334","ASM-HOCKEY","ASM-HOCKEY-333","20","0","100"
"ASM-HOCKEY-335","ASM-HOCKEY-3345","ASM-HOCKEY-33466","66","0","12"
"ASM-HOCKEY-336","ASM-HOCKEY-336","ASM-HOCKEY-336","55","0","100"
"ASM-BOXING-444","ASM-BOXING-0044444","ASM-BOXING-004455","20","55","100"
"ASM-BOXING-999","ASM-BOXING-999","ASM-BOXING-999","55","66","90"
"ASM-BOXING-9910","ASM-BOXING-9910","ASM-BOXING-9910","33","44","6""ASM-FOOTBALL-999","Ball Lockers7222","Football Ball Lockers & Racks74","7","50","77"
"ASM-FOOTBALL-7899","Ball Lockers7222","Football Ball Lockers & Racks74","7","50","77"
"ASM-FOOTBALL-997","Ball Lockers7222","Football Ball Lockers & Racks74","7","50","77"
